--
-- PostgreSQL database dump
--

-- Dumped from database version 12.3
-- Dumped by pg_dump version 12.3

CREATE DATABASE lean_training;
\c lean_training

SET statement_timeout = 0;
SET lock_timeout = 0;
SET idle_in_transaction_session_timeout = 0;
SET client_encoding = 'UTF8';
SET standard_conforming_strings = on;
SELECT pg_catalog.set_config('search_path', '', false);
SET check_function_bodies = false;
SET xmloption = content;
SET client_min_messages = warning;
SET row_security = off;

SET default_tablespace = '';

SET default_table_access_method = heap;

--
-- Name: AssemblySteps; Type: TABLE; Schema: public; Owner: postgres
--

CREATE TABLE public."AssemblySteps" (
    "Id" integer NOT NULL,
    "Name" character varying(50) NOT NULL,
    "Cost" integer NOT NULL,
    "Mandatory" boolean DEFAULT false NOT NULL,
    "CreatedAt" timestamp without time zone DEFAULT CURRENT_TIMESTAMP NOT NULL,
    "LatestUser" text DEFAULT 'Admin'::text,
    "UpdatedAt" timestamp without time zone DEFAULT CURRENT_TIMESTAMP NOT NULL
);


ALTER TABLE public."AssemblySteps" OWNER TO postgres;

--
-- Name: AssemblySteps_Id_seq; Type: SEQUENCE; Schema: public; Owner: postgres
--

ALTER TABLE public."AssemblySteps" ALTER COLUMN "Id" ADD GENERATED BY DEFAULT AS IDENTITY (
    SEQUENCE NAME public."AssemblySteps_Id_seq"
    START WITH 1
    INCREMENT BY 1
    NO MINVALUE
    NO MAXVALUE
    CACHE 1
);


--
-- Name: PartDefinitions; Type: TABLE; Schema: public; Owner: postgres
--

CREATE TABLE public."PartDefinitions" (
    "Id" integer NOT NULL,
    "Cost" integer NOT NULL,
    "Name" character varying(50) NOT NULL,
    "CreatedAt" timestamp without time zone DEFAULT CURRENT_TIMESTAMP NOT NULL,
    "LatestUser" text DEFAULT 'Admin'::text,
    "UpdatedAt" timestamp without time zone DEFAULT CURRENT_TIMESTAMP NOT NULL
);


ALTER TABLE public."PartDefinitions" OWNER TO postgres;

--
-- Name: PartDefinitions_Id_seq; Type: SEQUENCE; Schema: public; Owner: postgres
--

ALTER TABLE public."PartDefinitions" ALTER COLUMN "Id" ADD GENERATED BY DEFAULT AS IDENTITY (
    SEQUENCE NAME public."PartDefinitions_Id_seq"
    START WITH 1
    INCREMENT BY 1
    NO MINVALUE
    NO MAXVALUE
    CACHE 1
);


--
-- Name: Parts; Type: TABLE; Schema: public; Owner: postgres
--

CREATE TABLE public."Parts" (
    "Id" integer NOT NULL,
    "ProductId" integer,
    "PartDefinitionId" integer,
    "CreatedAt" timestamp without time zone DEFAULT CURRENT_TIMESTAMP NOT NULL,
    "LatestUser" text DEFAULT 'Admin'::text,
    "UpdatedAt" timestamp without time zone DEFAULT CURRENT_TIMESTAMP NOT NULL
);


ALTER TABLE public."Parts" OWNER TO postgres;

--
-- Name: Parts_Id_seq; Type: SEQUENCE; Schema: public; Owner: postgres
--

ALTER TABLE public."Parts" ALTER COLUMN "Id" ADD GENERATED BY DEFAULT AS IDENTITY (
    SEQUENCE NAME public."Parts_Id_seq"
    START WITH 1
    INCREMENT BY 1
    NO MINVALUE
    NO MAXVALUE
    CACHE 1
);


--
-- Name: Products; Type: TABLE; Schema: public; Owner: postgres
--

CREATE TABLE public."Products" (
    "Id" integer NOT NULL,
    "Start" timestamp without time zone DEFAULT CURRENT_TIMESTAMP NOT NULL,
    "End" timestamp without time zone,
    "RoundId" integer,
    "StationId" integer DEFAULT 0 NOT NULL,
    "CreatedAt" timestamp without time zone DEFAULT CURRENT_TIMESTAMP NOT NULL,
    "LatestUser" text DEFAULT 'Admin'::text,
    "UpdatedAt" timestamp without time zone DEFAULT CURRENT_TIMESTAMP NOT NULL
);


ALTER TABLE public."Products" OWNER TO postgres;

--
-- Name: Products_Id_seq; Type: SEQUENCE; Schema: public; Owner: postgres
--

ALTER TABLE public."Products" ALTER COLUMN "Id" ADD GENERATED BY DEFAULT AS IDENTITY (
    SEQUENCE NAME public."Products_Id_seq"
    START WITH 1
    INCREMENT BY 1
    NO MINVALUE
    NO MAXVALUE
    CACHE 1
);


--
-- Name: Rounds; Type: TABLE; Schema: public; Owner: postgres
--

CREATE TABLE public."Rounds" (
    "Id" integer NOT NULL,
    "Start" timestamp without time zone DEFAULT CURRENT_TIMESTAMP NOT NULL,
    "End" timestamp without time zone,
    "CreatedAt" timestamp without time zone DEFAULT CURRENT_TIMESTAMP NOT NULL,
    "LatestUser" text DEFAULT 'Admin'::text,
    "UpdatedAt" timestamp without time zone DEFAULT CURRENT_TIMESTAMP NOT NULL
);


ALTER TABLE public."Rounds" OWNER TO postgres;

--
-- Name: Rounds_Id_seq; Type: SEQUENCE; Schema: public; Owner: postgres
--

ALTER TABLE public."Rounds" ALTER COLUMN "Id" ADD GENERATED BY DEFAULT AS IDENTITY (
    SEQUENCE NAME public."Rounds_Id_seq"
    START WITH 1
    INCREMENT BY 1
    NO MINVALUE
    NO MAXVALUE
    CACHE 1
);


--
-- Name: Stations; Type: TABLE; Schema: public; Owner: postgres
--

CREATE TABLE public."Stations" (
    "Id" integer NOT NULL,
    "RoundId" integer,
    "Position" character varying(50) NOT NULL,
    "CreatedAt" timestamp without time zone DEFAULT CURRENT_TIMESTAMP NOT NULL,
    "LatestUser" text DEFAULT 'Admin'::text,
    "UpdatedAt" timestamp without time zone DEFAULT CURRENT_TIMESTAMP NOT NULL
);


ALTER TABLE public."Stations" OWNER TO postgres;

--
-- Name: StationsAssemblyStepss; Type: TABLE; Schema: public; Owner: postgres
--

CREATE TABLE public."StationsAssemblyStepss" (
    "Id" integer NOT NULL,
    "StationId" integer,
    "AssemblyStepId" integer,
    "CreatedAt" timestamp without time zone DEFAULT CURRENT_TIMESTAMP NOT NULL,
    "LatestUser" text DEFAULT 'Admin'::text,
    "UpdatedAt" timestamp without time zone DEFAULT CURRENT_TIMESTAMP NOT NULL
);


ALTER TABLE public."StationsAssemblyStepss" OWNER TO postgres;

--
-- Name: StationsAssemblyStepss_Id_seq; Type: SEQUENCE; Schema: public; Owner: postgres
--

ALTER TABLE public."StationsAssemblyStepss" ALTER COLUMN "Id" ADD GENERATED BY DEFAULT AS IDENTITY (
    SEQUENCE NAME public."StationsAssemblyStepss_Id_seq"
    START WITH 1
    INCREMENT BY 1
    NO MINVALUE
    NO MAXVALUE
    CACHE 1
);


--
-- Name: Stations_Id_seq; Type: SEQUENCE; Schema: public; Owner: postgres
--

ALTER TABLE public."Stations" ALTER COLUMN "Id" ADD GENERATED BY DEFAULT AS IDENTITY (
    SEQUENCE NAME public."Stations_Id_seq"
    START WITH 1
    INCREMENT BY 1
    NO MINVALUE
    NO MAXVALUE
    CACHE 1
);


--
-- Name: __EFMigrationsHistory; Type: TABLE; Schema: public; Owner: postgres
--

CREATE TABLE public."__EFMigrationsHistory" (
    "MigrationId" character varying(150) NOT NULL,
    "ProductVersion" character varying(32) NOT NULL
);


ALTER TABLE public."__EFMigrationsHistory" OWNER TO postgres;

--
-- Data for Name: AssemblySteps; Type: TABLE DATA; Schema: public; Owner: postgres
--

COPY public."AssemblySteps" ("Id", "Name", "Cost", "Mandatory", "CreatedAt", "LatestUser", "UpdatedAt") FROM stdin;
4	Kleben	2	f	2020-05-22 10:32:31.807244	Admin	2020-05-22 10:32:31.807244
5	Fügen	1	f	2020-05-22 10:32:31.807244	Admin	2020-05-22 10:32:31.807244
6	Bohren	2	f	2020-05-22 10:32:31.807244	Admin	2020-05-22 10:32:31.807244
\.


--
-- Data for Name: PartDefinitions; Type: TABLE DATA; Schema: public; Owner: postgres
--

COPY public."PartDefinitions" ("Id", "Cost", "Name", "CreatedAt", "LatestUser", "UpdatedAt") FROM stdin;
5	120	0815-5	2020-05-22 10:32:31.807244	Admin	2020-05-22 10:32:31.807244
6	120	0815-6	2020-05-22 10:32:31.807244	Admin	2020-05-22 10:32:31.807244
7	100	0815-7	2020-05-22 10:32:31.807244	Admin	2020-05-22 10:32:31.807244
8	100	0815-8	2020-05-22 10:32:31.807244	Admin	2020-05-22 10:32:31.807244
\.


--
-- Data for Name: Parts; Type: TABLE DATA; Schema: public; Owner: postgres
--

COPY public."Parts" ("Id", "ProductId", "PartDefinitionId", "CreatedAt", "LatestUser", "UpdatedAt") FROM stdin;
\.


--
-- Data for Name: Products; Type: TABLE DATA; Schema: public; Owner: postgres
--

COPY public."Products" ("Id", "Start", "End", "RoundId", "StationId", "CreatedAt", "LatestUser", "UpdatedAt") FROM stdin;
\.


--
-- Data for Name: Rounds; Type: TABLE DATA; Schema: public; Owner: postgres
--

COPY public."Rounds" ("Id", "Start", "End", "CreatedAt", "LatestUser", "UpdatedAt") FROM stdin;
2	2020-05-22 12:32:30.245704	\N	2020-05-22 10:32:31.655084	Admin	2020-05-22 10:32:31.655084
\.


--
-- Data for Name: Stations; Type: TABLE DATA; Schema: public; Owner: postgres
--

COPY public."Stations" ("Id", "RoundId", "Position", "CreatedAt", "LatestUser", "UpdatedAt") FROM stdin;
1	2	Station_1	2020-05-22 10:32:31.655084	Admin	2020-05-22 10:32:31.655084
2	2	Station_2	2020-05-22 10:32:31.655084	Admin	2020-05-22 10:32:31.655084
3	2	Station_3	2020-05-22 10:32:31.655084	Admin	2020-05-22 10:32:31.655084
4	2	Station_4	2020-05-22 10:32:31.655084	Admin	2020-05-22 10:32:31.655084
5	2	Station_5	2020-05-22 10:32:31.655084	Admin	2020-05-22 10:32:31.655084
6	2	Station_6	2020-05-22 10:32:31.655084	Admin	2020-05-22 10:32:31.655084
\.


--
-- Data for Name: StationsAssemblyStepss; Type: TABLE DATA; Schema: public; Owner: postgres
--

COPY public."StationsAssemblyStepss" ("Id", "StationId", "AssemblyStepId", "CreatedAt", "LatestUser", "UpdatedAt") FROM stdin;
1	1	4	2020-05-22 10:36:43.362907	Admin	2020-05-22 10:36:43.362907
2	2	4	2020-05-22 10:36:43.362907	Admin	2020-05-22 10:36:43.362907
3	3	5	2020-05-22 10:36:43.362907	Admin	2020-05-22 10:36:43.362907
4	4	5	2020-05-22 10:36:43.362907	Admin	2020-05-22 10:36:43.362907
5	5	5	2020-05-22 10:36:43.362907	Admin	2020-05-22 10:36:43.362907
6	6	4	2020-05-22 10:36:43.362907	Admin	2020-05-22 10:36:43.362907
\.


--
-- Data for Name: __EFMigrationsHistory; Type: TABLE DATA; Schema: public; Owner: postgres
--

COPY public."__EFMigrationsHistory" ("MigrationId", "ProductVersion") FROM stdin;
20191216134637_InitialMigration	3.1.0
20191216135456_AddPropertyAssemblyStepsPostgres	3.1.0
20191216204014_AddedStationProductRelationship	3.1.0
20191217142717_AddedShadowProperties	3.1.0
\.


--
-- Name: AssemblySteps_Id_seq; Type: SEQUENCE SET; Schema: public; Owner: postgres
--

SELECT pg_catalog.setval('public."AssemblySteps_Id_seq"', 6, true);


--
-- Name: PartDefinitions_Id_seq; Type: SEQUENCE SET; Schema: public; Owner: postgres
--

SELECT pg_catalog.setval('public."PartDefinitions_Id_seq"', 8, true);


--
-- Name: Parts_Id_seq; Type: SEQUENCE SET; Schema: public; Owner: postgres
--

SELECT pg_catalog.setval('public."Parts_Id_seq"', 1, false);


--
-- Name: Products_Id_seq; Type: SEQUENCE SET; Schema: public; Owner: postgres
--

SELECT pg_catalog.setval('public."Products_Id_seq"', 51, true);


--
-- Name: Rounds_Id_seq; Type: SEQUENCE SET; Schema: public; Owner: postgres
--

SELECT pg_catalog.setval('public."Rounds_Id_seq"', 2, true);


--
-- Name: StationsAssemblyStepss_Id_seq; Type: SEQUENCE SET; Schema: public; Owner: postgres
--

SELECT pg_catalog.setval('public."StationsAssemblyStepss_Id_seq"', 6, true);


--
-- Name: Stations_Id_seq; Type: SEQUENCE SET; Schema: public; Owner: postgres
--

SELECT pg_catalog.setval('public."Stations_Id_seq"', 6, true);


--
-- Name: AssemblySteps PK_AssemblySteps; Type: CONSTRAINT; Schema: public; Owner: postgres
--

ALTER TABLE ONLY public."AssemblySteps"
    ADD CONSTRAINT "PK_AssemblySteps" PRIMARY KEY ("Id");


--
-- Name: PartDefinitions PK_PartDefinitions; Type: CONSTRAINT; Schema: public; Owner: postgres
--

ALTER TABLE ONLY public."PartDefinitions"
    ADD CONSTRAINT "PK_PartDefinitions" PRIMARY KEY ("Id");


--
-- Name: Parts PK_Parts; Type: CONSTRAINT; Schema: public; Owner: postgres
--

ALTER TABLE ONLY public."Parts"
    ADD CONSTRAINT "PK_Parts" PRIMARY KEY ("Id");


--
-- Name: Products PK_Products; Type: CONSTRAINT; Schema: public; Owner: postgres
--

ALTER TABLE ONLY public."Products"
    ADD CONSTRAINT "PK_Products" PRIMARY KEY ("Id");


--
-- Name: Rounds PK_Rounds; Type: CONSTRAINT; Schema: public; Owner: postgres
--

ALTER TABLE ONLY public."Rounds"
    ADD CONSTRAINT "PK_Rounds" PRIMARY KEY ("Id");


--
-- Name: Stations PK_Stations; Type: CONSTRAINT; Schema: public; Owner: postgres
--

ALTER TABLE ONLY public."Stations"
    ADD CONSTRAINT "PK_Stations" PRIMARY KEY ("Id");


--
-- Name: StationsAssemblyStepss PK_StationsAssemblyStepss; Type: CONSTRAINT; Schema: public; Owner: postgres
--

ALTER TABLE ONLY public."StationsAssemblyStepss"
    ADD CONSTRAINT "PK_StationsAssemblyStepss" PRIMARY KEY ("Id");


--
-- Name: __EFMigrationsHistory PK___EFMigrationsHistory; Type: CONSTRAINT; Schema: public; Owner: postgres
--

ALTER TABLE ONLY public."__EFMigrationsHistory"
    ADD CONSTRAINT "PK___EFMigrationsHistory" PRIMARY KEY ("MigrationId");


--
-- Name: IX_Parts_PartDefinitionId; Type: INDEX; Schema: public; Owner: postgres
--

CREATE INDEX "IX_Parts_PartDefinitionId" ON public."Parts" USING btree ("PartDefinitionId");


--
-- Name: IX_Parts_ProductId; Type: INDEX; Schema: public; Owner: postgres
--

CREATE INDEX "IX_Parts_ProductId" ON public."Parts" USING btree ("ProductId");


--
-- Name: IX_Products_RoundId; Type: INDEX; Schema: public; Owner: postgres
--

CREATE INDEX "IX_Products_RoundId" ON public."Products" USING btree ("RoundId");


--
-- Name: IX_Products_StationId; Type: INDEX; Schema: public; Owner: postgres
--

CREATE INDEX "IX_Products_StationId" ON public."Products" USING btree ("StationId");


--
-- Name: IX_StationsAssemblyStepss_AssemblyStepId; Type: INDEX; Schema: public; Owner: postgres
--

CREATE INDEX "IX_StationsAssemblyStepss_AssemblyStepId" ON public."StationsAssemblyStepss" USING btree ("AssemblyStepId");


--
-- Name: IX_StationsAssemblyStepss_StationId; Type: INDEX; Schema: public; Owner: postgres
--

CREATE INDEX "IX_StationsAssemblyStepss_StationId" ON public."StationsAssemblyStepss" USING btree ("StationId");


--
-- Name: IX_Stations_RoundId; Type: INDEX; Schema: public; Owner: postgres
--

CREATE INDEX "IX_Stations_RoundId" ON public."Stations" USING btree ("RoundId");


--
-- Name: Parts FK_Parts_PartDefinitions_PartDefinitionId; Type: FK CONSTRAINT; Schema: public; Owner: postgres
--

ALTER TABLE ONLY public."Parts"
    ADD CONSTRAINT "FK_Parts_PartDefinitions_PartDefinitionId" FOREIGN KEY ("PartDefinitionId") REFERENCES public."PartDefinitions"("Id") ON DELETE RESTRICT;


--
-- Name: Parts FK_Parts_Products_ProductId; Type: FK CONSTRAINT; Schema: public; Owner: postgres
--

ALTER TABLE ONLY public."Parts"
    ADD CONSTRAINT "FK_Parts_Products_ProductId" FOREIGN KEY ("ProductId") REFERENCES public."Products"("Id") ON DELETE RESTRICT;


--
-- Name: Products FK_Products_Rounds_RoundId; Type: FK CONSTRAINT; Schema: public; Owner: postgres
--

ALTER TABLE ONLY public."Products"
    ADD CONSTRAINT "FK_Products_Rounds_RoundId" FOREIGN KEY ("RoundId") REFERENCES public."Rounds"("Id") ON DELETE RESTRICT;


--
-- Name: Products FK_Products_Stations_StationId; Type: FK CONSTRAINT; Schema: public; Owner: postgres
--

ALTER TABLE ONLY public."Products"
    ADD CONSTRAINT "FK_Products_Stations_StationId" FOREIGN KEY ("StationId") REFERENCES public."Stations"("Id") ON DELETE CASCADE;


--
-- Name: StationsAssemblyStepss FK_StationsAssemblyStepss_AssemblySteps_AssemblyStepId; Type: FK CONSTRAINT; Schema: public; Owner: postgres
--

ALTER TABLE ONLY public."StationsAssemblyStepss"
    ADD CONSTRAINT "FK_StationsAssemblyStepss_AssemblySteps_AssemblyStepId" FOREIGN KEY ("AssemblyStepId") REFERENCES public."AssemblySteps"("Id") ON DELETE RESTRICT;


--
-- Name: StationsAssemblyStepss FK_StationsAssemblyStepss_Stations_StationId; Type: FK CONSTRAINT; Schema: public; Owner: postgres
--

ALTER TABLE ONLY public."StationsAssemblyStepss"
    ADD CONSTRAINT "FK_StationsAssemblyStepss_Stations_StationId" FOREIGN KEY ("StationId") REFERENCES public."Stations"("Id") ON DELETE RESTRICT;


--
-- Name: Stations FK_Stations_Rounds_RoundId; Type: FK CONSTRAINT; Schema: public; Owner: postgres
--

ALTER TABLE ONLY public."Stations"
    ADD CONSTRAINT "FK_Stations_Rounds_RoundId" FOREIGN KEY ("RoundId") REFERENCES public."Rounds"("Id") ON DELETE RESTRICT;


--
-- PostgreSQL database dump complete
--

