PRAGMA foreign_keys=OFF;
BEGIN TRANSACTION;
CREATE TABLE IF NOT EXISTS "__EFMigrationsHistory" (
    "MigrationId" TEXT NOT NULL CONSTRAINT "PK___EFMigrationsHistory" PRIMARY KEY,
    "ProductVersion" TEXT NOT NULL
);
INSERT INTO __EFMigrationsHistory VALUES('20191215101015_InitialMigration','3.1.0');
INSERT INTO __EFMigrationsHistory VALUES('20191215161117_AddedProperty','3.1.0');
INSERT INTO __EFMigrationsHistory VALUES('20191216092642_MandatoryOnAssemblyStep','3.1.0');
INSERT INTO __EFMigrationsHistory VALUES('20191222215709_AddedStationsProductRelationship','3.1.0');
CREATE TABLE IF NOT EXISTS "AssemblySteps" (
    "Id" INTEGER NOT NULL CONSTRAINT "PK_AssemblySteps" PRIMARY KEY AUTOINCREMENT,
    "Name" TEXT NOT NULL,
    "Cost" INTEGER NOT NULL
, "Mandatory" INTEGER NOT NULL DEFAULT 0);
INSERT INTO AssemblySteps VALUES(1,'Bohren',2,0);
INSERT INTO AssemblySteps VALUES(2,'Fügen',1,0);
INSERT INTO AssemblySteps VALUES(3,'Kleben',2,0);
CREATE TABLE IF NOT EXISTS "PartDefinitions" (
    "Id" INTEGER NOT NULL CONSTRAINT "PK_PartDefinitions" PRIMARY KEY AUTOINCREMENT,
    "Cost" INTEGER NOT NULL,
    "Name" TEXT NOT NULL
);
INSERT INTO PartDefinitions VALUES(1,100,'0815');
INSERT INTO PartDefinitions VALUES(2,100,'0816');
INSERT INTO PartDefinitions VALUES(3,120,'0818');
INSERT INTO PartDefinitions VALUES(4,120,'0819');
CREATE TABLE IF NOT EXISTS "Rounds" (
    "Id" INTEGER NOT NULL CONSTRAINT "PK_Rounds" PRIMARY KEY AUTOINCREMENT,
    "Start" TEXT NOT NULL DEFAULT (datetime('now')),
    "End" TEXT NULL
);
INSERT INTO Rounds VALUES(1,'2019-12-15 17:16:38.446916',NULL);
CREATE TABLE IF NOT EXISTS "Parts" (
    "Id" INTEGER NOT NULL CONSTRAINT "PK_Parts" PRIMARY KEY AUTOINCREMENT,
    "ProductId" INTEGER NULL,
    "PartDefinitionId" INTEGER NULL,
    CONSTRAINT "FK_Parts_PartDefinitions_PartDefinitionId" FOREIGN KEY ("PartDefinitionId") REFERENCES "PartDefinitions" ("Id") ON DELETE RESTRICT,
    CONSTRAINT "FK_Parts_Products_ProductId" FOREIGN KEY ("ProductId") REFERENCES "Products" ("Id") ON DELETE RESTRICT
);
CREATE TABLE IF NOT EXISTS "StationsAssemblyStepss" (
    "Id" INTEGER NOT NULL CONSTRAINT "PK_StationsAssemblyStepss" PRIMARY KEY AUTOINCREMENT,
    "StationId" INTEGER NULL,
    "AssemblyStepId" INTEGER NULL,
    CONSTRAINT "FK_StationsAssemblyStepss_AssemblySteps_AssemblyStepId" FOREIGN KEY ("AssemblyStepId") REFERENCES "AssemblySteps" ("Id") ON DELETE RESTRICT,
    CONSTRAINT "FK_StationsAssemblyStepss_Stations_StationId" FOREIGN KEY ("StationId") REFERENCES "Stations" ("Id") ON DELETE RESTRICT
);
CREATE TABLE IF NOT EXISTS "Stations" (
    "Id" INTEGER NOT NULL CONSTRAINT "PK_Stations" PRIMARY KEY AUTOINCREMENT,
    "Position" TEXT NOT NULL,
    "RoundId" INTEGER NOT NULL,
    CONSTRAINT "FK_Stations_Rounds_RoundId" FOREIGN KEY ("RoundId") REFERENCES "Rounds" ("Id") ON DELETE RESTRICT
);
INSERT INTO Stations VALUES(1,'Station_6',1);
INSERT INTO Stations VALUES(2,'Station_5',1);
INSERT INTO Stations VALUES(3,'Station_4',1);
INSERT INTO Stations VALUES(4,'Station_3',1);
INSERT INTO Stations VALUES(5,'Station_2',1);
INSERT INTO Stations VALUES(6,'Station_1',1);
CREATE TABLE IF NOT EXISTS "Products" (
    "Id" INTEGER NOT NULL CONSTRAINT "PK_Products" PRIMARY KEY AUTOINCREMENT,
    "Start" TEXT NOT NULL DEFAULT (datetime('now')),
    "End" TEXT NULL,
    "RoundId" INTEGER NULL,
    "StationId" INTEGER NULL DEFAULT 0,
    CONSTRAINT "FK_Products_Rounds_RoundId" FOREIGN KEY ("RoundId") REFERENCES "Rounds" ("Id") ON DELETE RESTRICT,
    CONSTRAINT "FK_Products_Stations_StationId" FOREIGN KEY ("StationId") REFERENCES "Stations" ("Id") ON DELETE RESTRICT
);
INSERT INTO Products VALUES(1,'2019-12-15 17:56:38.446916',NULL,1,1);
INSERT INTO Products VALUES(2,'2019-12-15 18:15:38.446916',NULL,1,1);
INSERT INTO Products VALUES(3,'2019-12-15 18:06:38.446916',NULL,1,1);
INSERT INTO Products VALUES(4,'2019-12-15 17:29:38.446916',NULL,1,1);
INSERT INTO Products VALUES(5,'2019-12-15 17:57:38.446916',NULL,1,2);
INSERT INTO Products VALUES(6,'2019-12-15 17:42:38.446916',NULL,1,2);
INSERT INTO Products VALUES(7,'2019-12-15 17:44:38.446916',NULL,1,2);
INSERT INTO Products VALUES(8,'2019-12-15 17:45:38.446916',NULL,1,3);
INSERT INTO Products VALUES(9,'2019-12-15 17:26:38.446916',NULL,1,3);
INSERT INTO Products VALUES(10,'2019-12-15 17:24:38.446916',NULL,1,3);
INSERT INTO Products VALUES(11,'2019-12-15 17:33:38.446916',NULL,1,4);
INSERT INTO Products VALUES(12,'2019-12-15 17:39:38.446916',NULL,1,4);
INSERT INTO Products VALUES(13,'2019-12-15 18:13:38.446916',NULL,1,4);
INSERT INTO Products VALUES(14,'2019-12-15 17:57:38.446916',NULL,1,5);
INSERT INTO Products VALUES(15,'2019-12-15 17:40:38.446916',NULL,1,5);
INSERT INTO Products VALUES(16,'2019-12-15 17:57:38.446916',NULL,1,5);
INSERT INTO Products VALUES(17,'2019-12-15 18:07:38.446916',NULL,1,6);
INSERT INTO Products VALUES(18,'2019-12-15 18:01:38.446916',NULL,1,1);
INSERT INTO Products VALUES(19,'2019-12-15 17:44:38.446916',NULL,1,1);
INSERT INTO Products VALUES(20,'2019-12-15 18:14:38.446916',NULL,1,1);
INSERT INTO Products VALUES(21,'2019-12-15 17:16:38.446916',NULL,1,1);
INSERT INTO Products VALUES(22,'2019-12-15 17:42:38.446916',NULL,1,1);
INSERT INTO Products VALUES(23,'2019-12-15 17:53:38.446916',NULL,1,1);
INSERT INTO Products VALUES(24,'2019-12-15 17:23:38.446916',NULL,1,1);
INSERT INTO Products VALUES(25,'2019-12-15 17:49:38.446916',NULL,1,1);
INSERT INTO Products VALUES(26,'2019-12-15 17:29:38.446916',NULL,1,1);
INSERT INTO Products VALUES(27,'2019-12-15 18:09:38.446916',NULL,1,1);
INSERT INTO Products VALUES(28,'2019-12-15 18:06:38.446916',NULL,1,1);
INSERT INTO Products VALUES(29,'2019-12-15 18:04:38.446916',NULL,1,1);
INSERT INTO Products VALUES(30,'2019-12-15 17:48:38.446916',NULL,1,1);
INSERT INTO Products VALUES(31,'2019-12-15 18:06:38.446916',NULL,1,1);
INSERT INTO Products VALUES(32,'2019-12-15 17:25:38.446916',NULL,1,1);
INSERT INTO Products VALUES(33,'2019-12-15 17:29:38.446916',NULL,1,1);
INSERT INTO Products VALUES(34,'2019-12-15 17:53:38.446916',NULL,1,1);
INSERT INTO Products VALUES(35,'2019-12-15 17:35:38.446916',NULL,1,1);
INSERT INTO Products VALUES(36,'2019-12-15 17:32:38.446916',NULL,1,1);
INSERT INTO Products VALUES(37,'2019-12-15 17:35:38.446916',NULL,1,1);
INSERT INTO Products VALUES(38,'2019-12-15 17:46:38.446916',NULL,1,1);
INSERT INTO Products VALUES(39,'2019-12-15 17:47:38.446916',NULL,1,1);
INSERT INTO Products VALUES(40,'2019-12-15 17:18:38.446916',NULL,1,1);
INSERT INTO Products VALUES(41,'2019-12-15 18:07:38.446916',NULL,1,1);
INSERT INTO Products VALUES(42,'2019-12-15 18:12:38.446916',NULL,1,1);
INSERT INTO Products VALUES(43,'2019-12-15 18:10:38.446916',NULL,1,1);
INSERT INTO Products VALUES(44,'2019-12-15 17:48:38.446916',NULL,1,1);
INSERT INTO Products VALUES(45,'2019-12-15 17:29:38.446916',NULL,1,1);
INSERT INTO Products VALUES(46,'2019-12-15 17:52:38.446916',NULL,1,1);
INSERT INTO Products VALUES(47,'2019-12-15 17:57:38.446916',NULL,1,1);
INSERT INTO Products VALUES(48,'2019-12-15 17:33:38.446916',NULL,1,1);
INSERT INTO Products VALUES(49,'2019-12-15 18:05:38.446916',NULL,1,1);
INSERT INTO Products VALUES(50,'2019-12-15 17:50:38.446916',NULL,1,1);
DELETE FROM sqlite_sequence;
INSERT INTO sqlite_sequence VALUES('AssemblySteps',3);
INSERT INTO sqlite_sequence VALUES('PartDefinitions',4);
INSERT INTO sqlite_sequence VALUES('Rounds',1);
INSERT INTO sqlite_sequence VALUES('Stations',6);
INSERT INTO sqlite_sequence VALUES('Products',50);
CREATE INDEX "IX_Parts_PartDefinitionId" ON "Parts" ("PartDefinitionId");
CREATE INDEX "IX_Parts_ProductId" ON "Parts" ("ProductId");
CREATE INDEX "IX_StationsAssemblyStepss_AssemblyStepId" ON "StationsAssemblyStepss" ("AssemblyStepId");
CREATE INDEX "IX_StationsAssemblyStepss_StationId" ON "StationsAssemblyStepss" ("StationId");
CREATE INDEX "IX_Stations_RoundId" ON "Stations" ("RoundId");
CREATE INDEX "IX_Products_StationId" ON "Products" ("StationId");
CREATE INDEX "IX_Products_RoundId" ON "Products" ("RoundId");
COMMIT;
